28.0,20.86807365,0.09215689099999999,1.74335989,0.169014085,0.6478873239999999,0.183098592,0.0,1

66.0,42.10753899,0.051593217999999996,1.4761969780000002,0.727272727,0.272727273,0.0,0.0,1

59.0,52.47978056,0.02118527,1.032796641,0.310344828,0.39080459799999995,0.298850575,0.0,1

24.0,17.74062457,0.115324991,1.900566294,0.19298245600000002,0.596491228,0.21052631600000002,0.0,1

20.0,16.92036906,0.086693095,1.579354699,0.18840579699999999,0.623188406,0.18840579699999999,0.0,1

21.0,14.96232392,0.142068049,2.045319081,0.109375,0.765625,0.125,0.0,1

58.0,31.76192644,0.117307001,2.024057697,0.057692308,0.788461538,0.153846154,0.0,1

31.0,23.49396374,0.084335634,1.6557464130000001,0.29213483100000004,0.47191011200000005,0.224719101,0.011235955,1

25.0,19.57229451,0.096291874,1.74274571,0.18333333300000001,0.683333333,0.133333333,0.0,1

33.0,22.39749249,0.11519968900000001,1.8550530580000002,0.321428571,0.46428571399999996,0.214285714,0.0,1

43.0,29.42170552,0.079857706,1.71882289,0.086021505,0.677419355,0.23655914,0.0,1

36.0,23.28034505,0.09714335800000001,2.12834502,0.301204819,0.469879518,0.22891566300000002,0.0,1

126.0,13.9071619,2.3382524630000003,3.662772482,0.746031746,0.253968254,0.0,0.0,1

15.0,12.64766191,0.128313168,1.9990293430000001,0.27906976699999997,0.534883721,0.186046512,0.0,1

45.0,30.84740002,0.06820107,1.603964151,0.373737374,0.414141414,0.212121212,0.0,1

46.0,30.78806597,0.071882401,1.646951286,0.351851852,0.49074074100000004,0.148148148,0.009259259,1

130.0,13.61766554,3.533906295,2.176288607,0.644444444,0.355555556,0.0,0.0,1

140.0,14.73642968,2.261362339,4.059123201,0.75308642,0.24691358,0.0,0.0,1

40.0,35.77747999,0.035513296,1.220367148,0.113924051,0.696202532,0.17721519,0.012658228,1

32.0,22.14556669,0.08960495,1.915371709,0.28125,0.453125,0.265625,0.0,1

31.0,21.7843739,0.11365982,1.8528725469999998,0.075,0.7625,0.15,0.0125,1

46.0,31.92366734,0.08215002099999999,1.707215704,0.178217822,0.6138613860000001,0.207920792,0.0,1

31.0,24.940723300000002,0.06427661700000001,1.502894656,0.220588235,0.5,0.264705882,0.014705882,1

37.0,26.13517087,0.08622399800000001,1.77363186,0.113924051,0.64556962,0.240506329,0.0,1

20.0,28.21463119,0.017270966999999998,0.8649413109999999,0.362068966,0.396551724,0.24137931,0.0,1

42.0,27.62692314,0.11176328699999999,1.8044559830000002,0.37,0.47,0.16,0.0,1

36.0,28.45339498,0.053358344,1.461511178,0.0625,0.885416667,0.052083332999999996,0.0,1

17.0,15.62985397,0.086263719,1.6863637130000002,0.25925925899999996,0.611111111,0.12962963,0.0,1

29.0,19.11518526,0.14535210199999998,1.956569435,0.102564103,0.794871795,0.102564103,0.0,1

71.0,56.46033635,0.029881592999999998,1.385211891,0.37142857100000004,0.42142857100000003,0.20714285699999999,0.0,1

40.0,27.36493147,0.08343036,1.694230251,0.47311828,0.301075269,0.225806452,0.0,1

34.0,21.77125332,0.126655692,1.9331800590000001,0.28125,0.48958333299999995,0.208333333,0.020833333,1

24.0,18.07393152,0.112765442,1.856973763,0.20967741899999998,0.516129032,0.274193548,0.0,1

13.0,12.34631839,0.12183883,1.798727195,0.14035087699999999,0.7894736840000001,0.052631579000000005,0.01754386,1

36.0,29.50837428,0.06059176,1.5012404540000002,0.19565217399999998,0.47826087,0.326086957,0.0,1

71.0,46.08224222,0.047535987,1.6411922280000002,0.491071429,0.39285714299999996,0.116071429,0.0,1

14.745743581951078,13.487049761524503,0.11307376695582809,1.744017462578773,0.15233538673873892,0.7480034758797928,0.08649257466684665,0.013168562714621681,1

33.30072682927839,22.20738801523496,0.09538035084106972,2.035727842221178,0.2821751081394852,0.4957434285132228,0.22208146334729204,0.0,1

42.906970175640346,29.254737230424798,0.08282587659652273,1.7267893216011638,0.11243997451176901,0.6581231688355571,0.22943685665267383,0.0,1

40.30447755828102,26.726361926066534,0.11205561556936004,1.811918834892084,0.324529170881173,0.5150854831093454,0.15845861596207367,0.0019267300474079237,1

23.47746689387423,27.789263282945583,0.03137578361969315,1.050820211054347,0.31130921736495676,0.4474900469013068,0.2412007357337364,0.0,1

30.829204176605536,23.80275672065561,0.08393832880723698,1.662761275766472,0.07865873694810768,0.844122116906596,0.07721914614529632,0.0,1

35.785867487615974,30.466567850410666,0.056662203506380036,1.376327155465776,0.25044397382189987,0.5284910135427161,0.22106501263538408,0.0,1

31.1917780121136,23.578384648828614,0.08439599178234448,1.659514385780464,0.28643867947906443,0.47746079120481094,0.22522370820043736,0.010876820147650361,1

21.226892896561992,26.093986893522175,0.03666100489563712,1.080335707340793,0.3182110703019579,0.46692178778934357,0.21486714166332,0.0,1

38.43021809305078,25.76195400512838,0.08881196403760772,1.8645966284789097,0.40565161984029496,0.36732173297408766,0.2270266477931719,0.0,1

18.269823175253247,15.374018988302176,0.11401866887265204,1.7932168625844274,0.13454818116236728,0.7578758101883197,0.09388435864978792,0.013691649999525067,1

31.0,24.39130074178488,0.07189424520867108,1.5609417604951075,0.24775882705463523,0.48933256184950585,0.24952047032606042,0.01338813976979852,1

41.98781664196819,28.900727419822076,0.09706639379889284,1.7660658739871378,0.16036272833264617,0.6565817948600196,0.1830554770433451,0.0,1

35.72324226782216,23.126873272390252,0.09797224170666338,2.1268131486273614,0.2976654599552982,0.47533617459334426,0.22699836545135754,0.0,1

34.578694136748624,22.194833543946235,0.12557842356805174,1.9238685754950522,0.28766988807955507,0.488166738001863,0.20483705594792265,0.01932631704299604,1

32.26237236826911,24.036919595645937,0.08420865701296529,1.6611442945240162,0.31752022045907147,0.44794820251768974,0.22487161676188996,0.009659959541876087,1

35.804077167625735,25.173702575486146,0.08411486921412434,1.6701298034240801,0.41338669959591645,0.36865336230730006,0.21795993888698736,0.0,1

34.39903894847879,22.072346508548613,0.12076740663674265,1.9721192694086715,0.2852313749954222,0.4856520381906897,0.21243990866022167,0.01667667735318582,1

18.619751064802898,16.539703982406028,0.08604064630487282,1.6828213984088296,0.2630628477680717,0.595006041974866,0.1406311494216996,0.0012999607196662465,1

34.340771060242645,27.71634467331254,0.06713848235530398,1.551456900886116,0.190127337978921,0.5134420101781524,0.29643065284292663,0.0,1

27.602638900962255,19.804623624578234,0.11373985454852786,1.8562049178277475,0.254410646491394,0.4953765037575826,0.2502128487510234,0.0,1

34.82039548251525,22.933206093983674,0.10424313453893333,2.0208862090108433,0.3091568287398971,0.4676800258438919,0.22316314502300952,0.0,1

19.23374316960218,15.927825263493839,0.11258825851181128,1.7922089502856196,0.13348679174700978,0.7520961433317502,0.1014300348147174,0.012987030106522628,1

22.012233878248203,22.945593449560004,0.06659787424784067,1.3859212299882055,0.2770085650558115,0.4971329848872357,0.22585845005695288,0.0,1

26.50571560117956,19.402119142691973,0.11308559298685024,1.855505694297856,0.16146837472644326,0.6043198288850444,0.22973730360150815,0.004474492144963506,1

39.82004176745518,35.578361284222964,0.03638218097840338,1.2275273105788587,0.11500102642909334,0.6941771752007402,0.17830594336879865,0.01251585597887317,1

37.428839425217255,24.51533701528111,0.09500105089788315,2.0681724030184423,0.2836319519897324,0.4904522149514826,0.22591583305878496,0.0,1

29.92534042613721,20.928053509621808,0.11916455289122,1.8914710601904687,0.32933512561307315,0.49901662381335155,0.17164825057357525,0.0,1

43.01724177146659,29.144236041140655,0.0752420622153788,1.6629270391601343,0.32155402677744865,0.5167813111960643,0.15393974380177203,0.007724918390423777,1

20.376525504922824,16.537048058140016,0.10724219132872909,1.7714993058352437,0.15444653599099387,0.7198459909540543,0.11679112892970653,0.008916344617013643,1

42.36323865591224,28.84572863238806,0.07610961184933114,1.6635408792467787,0.3226679645875182,0.5240937549877746,0.14558253149943756,0.007655748752090632,1

35.26154569970904,24.510725106796112,0.09881722665571305,1.8090186179494856,0.204108332280953,0.5667811735101893,0.22911049377424406,0.0,1

35.00992616963909,24.73131885925482,0.08426118666516189,1.705814490213446,0.2402184876495374,0.5866881048532744,0.16948747910910528,0.0036059289986425675,1

20.158947164377896,17.73074998913547,0.08130256946315804,1.6449659231884832,0.25053356459940074,0.5860401017839767,0.16010811165929956,0.0033182217316839943,1

43.0,29.421705520000003,0.079857706,1.71882289,0.086021505,0.677419355,0.23655914,0.0,1

30.802668920668374,21.950547440916427,0.09994244179784295,1.8063637774721464,0.40172914321948056,0.3870918186876006,0.21117903872502558,0.0,1

24.87586188365251,20.434959152906526,0.07653461738737828,1.5434429032325436,0.15003709221730058,0.7031002049141489,0.14686270286855052,0.0,1

30.851881720286393,23.3792771902259,0.08493720175050688,1.6600043342733326,0.29039005242641774,0.47284577348017054,0.22576596813991742,0.010998204953494357,1

35.96870546673993,24.341553579349455,0.1061235218195037,1.7903726617562827,0.3373170956348377,0.48204247225514696,0.18064043311001543,0.0,1

44.72888096459874,30.68292350530204,0.06874432113419021,1.607534474125855,0.37288183432354716,0.4152325985935321,0.21188556708292078,0.0,1

35.18135505063774,28.29289832300139,0.07050442084064537,1.5544908497991308,0.18476559126142494,0.5152882892377375,0.2999461205008376,0.0,1

29.247714819434595,19.318454295702082,0.1434848021145469,1.9502826572504477,0.11611809604281728,0.7743990271593735,0.10948287767395182,0.0,1

33.99860312134018,23.958759462426567,0.0999482964190444,1.8132706517707766,0.09445296347063406,0.7040620329254177,0.19523209344007358,0.00625291016387462,1

16.562405372729422,13.250401970079448,0.13189495132927564,2.011083232225573,0.2348810977191887,0.5949689566700098,0.17014994561080146,0.0,1

35.33649543993449,28.87614053724433,0.06347654966020067,1.520909676724058,0.196427658501128,0.48035467818069166,0.3232176642075963,0.0,1

20.13518146549162,17.714944323645028,0.08133989366640902,1.6452773710715984,0.2505992105931156,0.5862287184416156,0.15987881297846251,0.0032932577628647748,1

37.789010602855384,25.60614189713278,0.10746815058080927,1.7845645711258107,0.3513468765526825,0.49376869568961185,0.15488442775770564,0.0,1

17.0,15.62985397,0.086263719,1.6863637130000002,0.25925925899999996,0.611111111,0.12962963,0.0,1

22.45084386982638,27.485191455219756,0.027744013286336765,1.007079860529862,0.33054649488455407,0.41960041246170066,0.24657656327184216,0.0032765291590991018,1

33.380246605498236,25.61871824930808,0.0923133590962329,1.671647545941397,0.16081391828716127,0.5967526622150132,0.24243342049782546,0.0,1

22.410725646293805,17.4147218086177,0.10394900649730424,1.7729429564883596,0.19116406430641036,0.6070985130779323,0.20173742261565733,0.0,1

24.93052940306189,20.515332005753827,0.07664535828253728,1.545083018075375,0.2028309294382924,0.5679716734636977,0.22260577995896558,0.006591616690814418,1

22.611144914229946,21.594922097486553,0.07960844518332717,1.5125264339477158,0.26258986276982904,0.47461014391037704,0.26279999266700776,0.0,1

28.516615878182694,21.56940547515506,0.0873557602545053,1.7019505039882277,0.17789542659792532,0.6224203440798838,0.19715179926315324,0.0025324307146270195,1

31.192443998348573,22.9607348486746,0.09063811483336376,1.734515669825968,0.149855663818504,0.6812987786904185,0.1688455568351021,0.0,1

28.48462434787084,22.719885918084444,0.0849826479576214,1.6662407013457836,0.1872357451169227,0.6183696513956689,0.19439460312097648,0.0,1

33.3879916283162,21.52457546618506,0.12596224361309538,1.9311840692787874,0.2758479524124032,0.4961261856739092,0.20846754539549603,0.019558315579392364,1

33.0,22.39749249,0.11519968900000001,1.8550530580000002,0.321428571,0.46428571399999996,0.214285714,0.0,1

37.18169472863323,25.691833295395416,0.08826963445271835,1.7311350276379365,0.294863781455569,0.5009171819252861,0.19867118505688786,0.005547851161424992,1

36.880864315139654,26.153250267792274,0.08181020285224921,1.6533800128947633,0.3145218541200859,0.509371839844895,0.17165502541701314,0.004451280618006064,1

41.058227775617596,27.737404334917933,0.07813817245667544,1.741699328202741,0.32693054691403167,0.4774629964233313,0.18961556544439162,0.005990891218245515,1

32.45793925692925,22.260933403653304,0.10132578575895804,1.8877494307820855,0.29964934494821904,0.45823592907595984,0.24211472551788188,0.0,1

35.57872766960979,29.12352928544926,0.06090222565910893,1.5013798279062953,0.19775314850564446,0.48009248879115113,0.3209153272985788,0.0012390362361166835,1

27.139567307011045,20.9297750330325,0.0812354313508783,1.6725835420931325,0.2916333565466958,0.5690247845039716,0.136104449299555,0.0032374096497775097,1

15.456307795724136,13.32806065266231,0.11871942230769776,1.9276934607880012,0.27454992238117226,0.552275297152352,0.17317478046647564,0.0,1

132.78648622411075,14.309148640362064,2.3009800510502743,3.854903103029278,0.7494514922797566,0.2505485077202434,0.0,0.0,1

126.0,13.9071619,2.3382524630000003,3.662772482,0.746031746,0.253968254,0.0,0.0,1

140.0,14.73642968,2.261362339,4.059123201,0.75308642,0.24691358,0.0,0.0,1

140.0,14.73642968,2.261362339,4.059123201,0.75308642,0.24691357999999997,0.0,0.0,1

140.0,14.73642968,2.261362339,4.059123201,0.75308642,0.24691358,0.0,0.0,1

126.0,13.907161899999998,2.3382524630000003,3.662772482,0.746031746,0.253968254,0.0,0.0,1

138.94304179618683,14.67382243834079,2.267167313811001,4.02919990499755,0.7525538131743195,0.24744618682568054,0.0,0.0,1

70.15374867957216,46.53340265897606,0.04567770957871081,1.5982875972632318,0.4783264186056096,0.39271239559029264,0.1289611868040977,0.0,1

71.0,56.46033635,0.029881592999999998,1.385211891,0.37142857100000004,0.4214285710000001,0.20714285699999999,0.0,1

66.0,42.10753899,0.051593217999999996,1.4761969780000002,0.727272727,0.272727273,0.0,0.0,1

58.711618683692684,46.50513851781146,0.04890498131151771,1.3186578091334598,0.23748456171403962,0.5054814297959391,0.2570340092016399,0.0,1

67.16487115126172,45.451370906913894,0.04653496887809743,1.4549997973917324,0.6443702086661047,0.30737084343907456,0.048258947661846546,0.0,1

58.75985956872143,32.59895943788812,0.11322883387636176,2.001678928526718,0.08302363661353333,0.7653381699254612,0.1516381935194561,0.0,1

64.5764798960058,40.26664055836754,0.06328632940125153,1.5736833214606523,0.60812757853908,0.3644970348182715,0.027375386642648464,0.0,1

68.43599913219042,43.25783436713636,0.06129698241876572,1.716705104520794,0.4055957026665728,0.4708825285453295,0.1235217695908668,0.0,1

61.482688190062476,53.30332046414315,0.02298445820075572,1.1057080725977428,0.32298248527924267,0.397140412674991,0.279877102631985,0.0,1

67.89120188574692,42.65770601289442,0.06422090982713267,1.7327500316953708,0.387433875606042,0.4874613120127867,0.12510481314203295,0.0,1

71.0,56.46033634999999,0.029881592999999998,1.385211891,0.37142857100000004,0.42142857100000003,0.20714285699999999,0.0,1

59.55446065495553,52.6637023575342,0.021587084078857066,1.049080006860943,0.31316720567924294,0.39221958034390997,0.2946132148844369,0.0,1

70.0,48.49726993,0.0399697,1.3600580690000001,0.454545455,0.3,0.245454545,0.0,2

46.0,37.1324172,0.043610697000000004,1.340465173,0.243902439,0.5365853660000001,0.219512195,0.0,2

29.0,21.04991187,0.09604538800000001,1.743669095,0.28571428600000004,0.523809524,0.19047619,0.0,2

33.0,37.97921076,0.028273742,1.153589189,0.330357143,0.5,0.16964285699999998,0.0,2

33.0,23.80023187,0.088580577,1.69463376,0.30526315800000003,0.536842105,0.15789473699999998,0.0,2

103.0,51.95536391,0.06237449,2.007356601,0.253333333,0.4,0.34666666700000004,0.0,2

29.0,20.67404965,0.10383832900000001,1.771770378,0.26388888899999996,0.5,0.236111111,0.0,2

46.0,31.61215789,0.06771816900000001,1.6983031769999999,0.350515464,0.422680412,0.226804124,0.0,2

71.0,39.94372806,0.06777116799999999,1.9632113359999999,0.294117647,0.41176470600000004,0.294117647,0.0,2

17.0,13.486986199999999,0.13197419300000002,2.028445989,0.14035087699999999,0.807017544,0.052631579000000005,0.0,2

26.0,18.00434031,0.141349114,1.967418806,0.281690141,0.450704225,0.267605634,0.0,2

37.0,25.3732916,0.09148810199999999,1.736314928,0.25,0.5625,0.1875,0.0,2

41.0,31.24958736,0.05664795,1.566583675,0.255813953,0.593023256,0.151162791,0.0,2

24.0,16.9371186,0.120863328,1.9773456569999999,0.12962963,0.685185185,0.185185185,0.0,2

79.0,48.56317114,0.053133176,1.672109005,0.329787234,0.404255319,0.265957447,0.0,2

34.0,25.71458411,0.06024077,1.7573337080000002,0.472222222,0.305555556,0.222222222,0.0,2

44.0,21.69907747,0.15790467,1.892853348,0.649484536,0.350515464,0.0,0.0,2

25.0,21.60586126,0.075000207,1.5651580459999999,0.14285714300000002,0.6373626370000001,0.21978022,0.0,2

65.0,32.3075279,0.09390275199999999,1.7261860580000001,0.5,0.470588235,0.019607843,0.009803922,2

27.0,23.67087655,0.05745626400000001,1.384239666,0.19753086399999997,0.592592593,0.209876543,0.0,2

46.0,34.04147674,0.053026816,1.730029765,0.32857142899999997,0.35714285700000004,0.314285714,0.0,2

24.0,19.04319719,0.09319596599999999,1.864376565,0.39726027399999997,0.547945205,0.054794521,0.0,2

17.0,15.06684164,0.108178455,1.5502676990000002,0.166666667,0.638888889,0.194444444,0.0,2

23.0,16.78337068,0.11131498199999999,2.0860411009999997,0.2,0.490909091,0.30909090899999997,0.0,2

33.0,26.54931545,0.053646941,1.6634910109999999,0.44578313299999994,0.34939759,0.19277108399999998,0.012048193,2

24.0,16.97251938,0.147121665,1.897257695,0.272727273,0.465909091,0.261363636,0.0,2

125.0,11.653694699999999,4.0006435069999995,2.746306417,0.830357143,0.16964285699999998,0.0,0.0,2

21.0,18.22380087,0.079529055,1.602557355,0.358490566,0.358490566,0.28301886800000003,0.0,2

25.0,20.07746734,0.087582152,1.6054241630000001,0.253333333,0.586666667,0.16,0.0,2

41.0,26.661508899999998,0.09030817,1.799770516,0.235294118,0.517647059,0.24705882399999998,0.0,2

41.0,31.73672288,0.049815825,1.5350361119999998,0.44705882399999997,0.388235294,0.15294117599999998,0.011764706000000002,2

29.0,23.84689571,0.061531893,1.622651548,0.307692308,0.37179487200000005,0.320512821,0.0,2

29.0,24.30271691,0.071299624,1.63217638,0.220588235,0.544117647,0.235294118,0.0,2

39.0,32.16117987,0.065030188,1.5523348069999998,0.134020619,0.628865979,0.237113402,0.0,2

33.0,24.24248324,0.083330679,1.601569255,0.325842697,0.34831460700000005,0.314606742,0.011235955,2

39.0,27.23047956,0.081744543,1.656959066,0.288888889,0.38888888899999996,0.3,0.022222222000000003,2

26.0,18.78179038,0.11102415300000001,1.8396463980000002,0.418918919,0.37837837799999996,0.202702703,0.0,2

22.0,15.943728899999998,0.13681876,1.892810439,0.097560976,0.7560975609999999,0.146341463,0.0,2

29.0,20.71461307,0.095714319,1.8774417069999998,0.274193548,0.403225806,0.322580645,0.0,2

43.0,31.68750353,0.060877929000000004,1.7270452630000002,0.320512821,0.5,0.179487179,0.0,2

37.0,28.19940376,0.06489283,1.681405915,0.19736842100000002,0.539473684,0.263157895,0.0,2

49.0,33.56635802,0.063305325,1.6161744619999998,0.322580645,0.419354839,0.258064516,0.0,2

35.0,22.7049747,0.111983144,1.9974789119999998,0.246153846,0.492307692,0.26153846199999997,0.0,2

74.0,45.46487903,0.06088618,1.531362795,0.156028369,0.574468085,0.26950354600000004,0.0,2

71.0,42.7679527,0.06816262099999999,1.816358981,0.5,0.342105263,0.15789473699999998,0.0,2

27.0,18.82935685,0.12646400300000002,1.983638215,0.071428571,0.773809524,0.154761905,0.0,2

58.0,33.36066334,0.098825841,2.0286347019999997,0.15,0.625,0.2125,0.0125,2

32.0,22.50783677,0.09331798599999999,1.835982919,0.294871795,0.423076923,0.269230769,0.012820513,2

36.0,26.35914413,0.072285478,1.7176419790000002,0.207792208,0.597402597,0.194805195,0.0,2

40.0,29.42458172,0.059647436,1.73560826,0.292682927,0.426829268,0.25609756100000003,0.024390244,2

38.0,26.52945647,0.072709442,1.758985615,0.19117647100000001,0.588235294,0.220588235,0.0,2

30.0,20.35712167,0.12457620800000001,1.855213335,0.261363636,0.397727273,0.340909091,0.0,2

186.0,15.04116122,4.00827439,2.200650313,0.776470588,0.22352941199999998,0.0,0.0,2

186.0,70.52026501,0.081489125,2.216707921,0.288043478,0.434782609,0.27173913,0.005434783,2

22.0,15.77437855,0.145379494,1.945232176,0.045454545,0.848484848,0.106060606,0.0,2

38.0,27.59531093,0.065410597,1.7145081480000002,0.22641509399999998,0.490566038,0.28301886800000003,0.0,2

140.0,13.2342003,3.106575017,3.657782417,0.8241758240000001,0.14285714300000002,0.032967033,0.0,2

29.0,19.68061573,0.12729131400000002,1.886790832,0.14893617,0.7553191490000001,0.08510638300000001,0.010638298000000001,2

28.0,39.22485953,0.01215585,0.732806617,0.23880597,0.46268656700000005,0.29850746300000003,0.0,2

27.0,21.55146414,0.078952178,1.4937975430000001,0.278481013,0.379746835,0.34177215200000005,0.0,2

71.0,48.466210499999995,0.039778269,1.36619187,0.448275862,0.344827586,0.20689655199999998,0.0,2

30.0,23.20042709,0.080537944,1.655213931,0.333333333,0.358024691,0.308641975,0.0,2

36.0,24.36120363,0.087806513,1.8775190869999998,0.408450704,0.309859155,0.281690141,0.0,2

16.0,13.463097199999998,0.126775302,1.8288141269999998,0.206349206,0.666666667,0.126984127,0.0,2

27.0,29.42800314,0.037070224,1.140858377,0.258823529,0.4,0.329411765,0.011764706000000002,2

70.0,48.46625363,0.040056373,1.3681985269999999,0.47747747700000004,0.35135135100000003,0.171171171,0.0,2

34.0,25.31973299,0.079482883,1.614416226,0.20652173899999998,0.608695652,0.184782609,0.0,2

38.0,26.68818362,0.08586283300000001,1.711446957,0.156626506,0.65060241,0.19277108399999998,0.0,2

35.0,25.3151762,0.076201748,1.787660552,0.162162162,0.391891892,0.43243243200000003,0.013513513999999999,2

25.0,20.54591756,0.088738871,1.5943666930000002,0.333333333,0.5,0.166666667,0.0,2

51.0,40.50072345,0.036004909,1.3894201240000001,0.314606742,0.43820224700000004,0.24719101100000002,0.0,2

41.0,23.94435089,0.128743016,2.078528982,0.13924050599999999,0.734177215,0.12658227800000002,0.0,2

34.0,22.5367068,0.103426467,1.894669229,0.34666666700000004,0.56,0.093333333,0.0,2

42.0,25.04559342,0.113714198,2.0741315609999997,0.218390805,0.517241379,0.26436781600000003,0.0,2

40.0,37.09141768,0.027644481000000002,1.240273751,0.148648649,0.581081081,0.27027027,0.0,2

27.0,18.54472023,0.127545459,1.9683127390000001,0.27380952399999997,0.583333333,0.14285714300000002,0.0,2

43.0,27.28057381,0.089127674,1.925553607,0.236111111,0.541666667,0.222222222,0.0,2

46.0,32.34243398,0.073415036,1.533719604,0.233870968,0.5,0.258064516,0.008064515999999999,2

41.0,29.34242908,0.07077872,1.681802461,0.175,0.55,0.275,0.0,2

41.0,46.53638033,0.019355606,1.097159284,0.198019802,0.415841584,0.386138614,0.0,2

40.24662164721225,26.681572674535126,0.07016133865541214,1.5034405733277192,0.3029701851723996,0.5500624464279729,0.1435497672050807,0.0034176011945468523,2

25.099326863213214,17.54864025625722,0.13994811528813475,1.923295267878666,0.2731238555323464,0.5089382988743499,0.21793784559330365,0.0,2

33.43018909750323,24.265189397507676,0.08590381722679111,1.6949556103865775,0.2924977486692562,0.45822311609148647,0.24927913472928437,0.0,2

36.241900839271615,27.762425783851462,0.07950741368450454,1.6258739545823184,0.26522967066670766,0.5506547006136191,0.18411562871967332,0.0,2

27.422126488793683,19.168592119401406,0.12473365180428861,1.9768685473826897,0.07800013724164422,0.7665856331897256,0.15541422956863013,0.0,2

33.36516781452273,24.951003356052407,0.07904712005979345,1.7096954413292706,0.2375087201944788,0.5323566098841919,0.23013466992132942,0.0,2

39.176683758589526,33.43111209387533,0.060995209590117276,1.5121237458892036,0.13967442709954941,0.6100470036100701,0.2502785692903804,0.0,2

40.4704105634665,29.791061339751806,0.07002550632853217,1.7470127791026058,0.2936567909063022,0.5308486516679807,0.17549455742571715,0.0,2

33.0425934533557,26.51376135960517,0.05392779494794695,1.6674880955374425,0.4469092651040887,0.347530206369802,0.19402550967267526,0.011535018853434035,2

38.76801515709836,23.926224349614813,0.11624183201580021,1.9937363550909257,0.1705723284019556,0.6667745569240683,0.16265311404597366,0.0,2

34.249058435574675,22.79981533147268,0.10244205742057547,1.870288127775623,0.19333324835747523,0.584178829496431,0.22248792274897952,0.0,2

28.460321962475764,20.757343794273723,0.10844709263279656,1.7511829184888017,0.1620489145460054,0.7114091748024212,0.11877424054519248,0.007767670106380998,2

22.929122695275918,18.575097696155154,0.09104646222681831,1.6710975114047357,0.30795854834769537,0.4541819441999354,0.23529418468850571,0.00256532276386355,2

37.860884365641404,34.17502727883006,0.045017863724950466,1.3513771335426459,0.168976587253971,0.56116028306942,0.2698631296766089,0.0,2

34.89591737421587,24.31751125669156,0.08615928281490204,1.7759619486335834,0.37804868224021543,0.3240118204732919,0.2938043567546562,0.004135140899864109,2

34.42731629833499,25.56283087547339,0.07797955370934216,1.6251089534005687,0.20864692770501597,0.5960759746554445,0.19527709763953946,0.0,2

27.606521437470047,22.696935138148802,0.071009978148556,1.6127979632283083,0.3166248626646987,0.41645764636860216,0.2669174916183296,0.0,2

26.065583042213337,18.0397800691046,0.1404438283114367,1.9674774328456748,0.28117330616262187,0.4594024453886809,0.25942424844869727,0.0,2

45.30284348931094,33.50502700293985,0.053796084056299695,1.7306779456848496,0.3244014451953038,0.3652399128558673,0.3075246723818465,0.0028339695669824636,2

65.39165942505785,44.669753998328936,0.05243702213877021,1.4411226571092655,0.427514318482438,0.3580229693431601,0.214462712174402,0.0,2

36.92998594120644,25.371257152483796,0.09095297215615238,1.7381123857687641,0.2469250582229842,0.5565275169479146,0.1960743568472494,0.00047306798185182985,2

25.568701011102064,19.722566491184956,0.09863822598860988,1.7129695198927042,0.20160862196315996,0.6398808329982144,0.15851054503862566,0.0,2

38.318875316119254,27.454803140258914,0.07797225492198459,1.7100157460461078,0.21859846897309387,0.5193240688645433,0.2620774621623629,0.0,2

30.3362361578952,22.76920100405535,0.08165834022279775,1.566711692704378,0.2681894643824126,0.4126088145350462,0.31920172132084373,0.0,2

27.098008221920786,19.851193333119646,0.10174007897551762,1.7888060375812447,0.26267428527070286,0.5686978011271745,0.1686279136021227,0.0,2

40.601486416328775,39.717096142868655,0.03541244756597167,1.3515898734169824,0.23574434318526688,0.420220325327087,0.3343154879445906,0.009719843543055533,2

23.050536223440794,16.40372372134921,0.14629460087146404,1.9200327109543638,0.1648336616821034,0.6475300025306086,0.1876363353125562,0.0,2

45.605122662807275,32.06504401152516,0.07397640913559143,1.5422450992113035,0.2355915282951653,0.4978303442989692,0.2583794660179329,0.00819866138793261,2

32.810468594662666,23.13033645782958,0.0961158420605332,1.7421257104312116,0.2750710436501802,0.4846352073348993,0.24029374901492054,0.0,2

36.0,24.83760046442577,0.08410561603084021,1.8393973570744355,0.36060489863440665,0.37842215050897055,0.2609729508566228,0.0,2

29.316621626990667,20.65116789849144,0.11136493957711704,1.856535845091174,0.28744402857307133,0.43744378716003784,0.2665919571812765,0.008520227085614375,2

70.40295218812483,45.03208330321868,0.051224110288681124,1.607960240348852,0.403592232287303,0.3756950445892122,0.22071272252643703,0.0,2

39.26332795987881,27.823789490086543,0.07754068091375718,1.6409062046303913,0.3097141721488565,0.38880283408103145,0.2806376499469519,0.02084534382316003,2

44.5134110316759,35.65689284068945,0.047126006348911814,1.3967805892121592,0.2362161103543783,0.5370624484084237,0.22672144123719815,0.0,2

47.379458638771325,32.917696854479054,0.07312521643015353,1.549315177210384,0.2485555276888101,0.4912876296411529,0.25253731332058543,0.007619529349451614,2

37.692199547363636,26.198743229915785,0.10497824434012178,1.8306055649194601,0.1723949879521093,0.6687628475783566,0.15884216422087838,0.0,2

46.7458835994085,41.87525591116288,0.032651111573534654,1.2333187830403816,0.38501387235865137,0.4447754857739641,0.17021064149587423,0.0,2

49.02075710814144,35.43593021662953,0.056215582023318555,1.6452104201528748,0.35040089262512664,0.4554017991989523,0.19419730817592104,0.0,2

186.0,15.04116122,4.00827439,2.200650313,0.776470588,0.22352941199999998,0.0,0.0,2

132.64601310952557,38.770316477765974,1.471774491979225,2.0763974193125407,0.4401879585398943,0.3369680799362207,0.2228439615238851,0.0,2

111.57963064112569,36.23838954442601,1.5982332868749611,2.2955346229821725,0.47836293122432216,0.31016458170522854,0.21147248707044933,0.0,2

36.0,26.54851421,0.071396028,1.592333328,0.068493151,0.602739726,0.328767123,0.0,3

28.0,27.03294636,0.037297758,1.390597783,0.27450980399999997,0.529411765,0.19607843100000003,0.0,3

32.0,23.57525497,0.0765165,1.8272743390000001,0.358024691,0.320987654,0.320987654,0.0,3

47.0,29.79017314,0.086686317,1.949780214,0.25,0.6527777779999999,0.06944444400000001,0.027777778,3

62.0,48.92331622,0.031273195,1.4176734290000002,0.46363636399999997,0.436363636,0.081818182,0.018181818,3

29.0,21.938705,0.08325888099999999,1.693236114,0.364864865,0.47297297299999996,0.162162162,0.0,3

67.0,39.17460091,0.074125579,1.7375178880000002,0.22727272699999998,0.643939394,0.128787879,0.0,3

26.0,19.59640523,0.08721149800000001,1.888585079,0.352941176,0.37254902,0.27450980399999997,0.0,3

23.0,17.91131235,0.09449917199999999,1.9128365530000002,0.350877193,0.43859649100000003,0.21052631600000002,0.0,3

62.0,48.61190714,0.036483825,1.181160716,0.146551724,0.698275862,0.155172414,0.0,3

29.0,21.3489465,0.089807866,1.716564131,0.226666667,0.546666667,0.213333333,0.013333333000000001,3

30.0,21.87390305,0.09353591300000001,1.788257066,0.101265823,0.82278481,0.075949367,0.0,3

19.0,14.13381313,0.141121463,2.065081793,0.090909091,0.745454545,0.163636364,0.0,3

34.0,26.52036319,0.07122848700000001,1.455736177,0.158536585,0.634146341,0.19512195100000002,0.012195122,3

39.0,31.83547494,0.071586265,1.564032123,0.16981132100000002,0.716981132,0.11320754699999999,0.0,3

29.0,21.05188237,0.099281804,1.799548115,0.316455696,0.303797468,0.379746835,0.0,3

102.0,59.47369926,0.050955823,1.515371385,0.333333333,0.56097561,0.10569105699999999,0.0,3

64.0,41.5410059,0.052175629,1.768867548,0.329411765,0.282352941,0.388235294,0.0,3

33.0,17.63320174,0.17900331600000002,1.829172104,0.37755102,0.62244898,0.0,0.0,3

51.0,31.87701514,0.083274182,1.921079895,0.34736842100000004,0.42105263200000004,0.23157894699999998,0.0,3

105.0,54.76347808,0.059049005999999994,1.834620454,0.09649122800000001,0.666666667,0.236842105,0.0,3

26.0,20.61191962,0.085568066,1.705774254,0.350649351,0.40259740299999996,0.24675324699999998,0.0,3

64.0,38.32977748,0.067188742,1.8042609969999999,0.217821782,0.6435643560000001,0.138613861,0.0,3

26.0,20.53840788,0.09747997300000001,1.735211152,0.204819277,0.710843373,0.084337349,0.0,3

33.0,24.32634995,0.072168904,1.6415817990000001,0.215384615,0.615384615,0.16923076899999998,0.0,3

32.0,25.09293805,0.064697135,1.665244837,0.313253012,0.5542168670000001,0.13253012,0.0,3

60.0,63.03349841,0.013174361,1.0188097520000001,0.19736842100000002,0.7105263159999999,0.092105263,0.0,3

40.0,36.44355988,0.027437889,1.2691493329999999,0.208955224,0.597014925,0.194029851,0.0,3

51.0,34.23476609,0.062169941,1.799379997,0.322222222,0.46666666700000003,0.21111111100000002,0.0,3

30.0,24.30906786,0.074978134,1.53659479,0.41428571399999997,0.41428571399999997,0.171428571,0.0,3

8.0,15.51121582,0.026933032000000003,1.6683829540000001,1.0,0.0,0.0,0.0,3

26.8383304701247,20.190476047263523,0.10724333049476102,1.746464056151932,0.22550588890209267,0.700257128279989,0.07423698193767989,0.0,3

32.41233576262372,24.014515968976177,0.0732937909026016,1.6469708861589838,0.22674036470362052,0.5975206957623708,0.17573893870191273,0.0,3

32.13575653493945,24.592207236112497,0.07815578417712662,1.5529855387499223,0.1839387970285078,0.6015296588839746,0.20191204097664428,0.012619502483722005,3

26.756412755652878,19.76702235457929,0.10257509691602446,1.9231946568773126,0.25028284846722093,0.4921975905611754,0.25751956037495655,0.0,3

26.188116466730705,21.215870051556088,0.08102784610551858,1.676129311939414,0.3434877997199418,0.41452533785507417,0.2419868633309257,0.0,3

28.217483192752624,19.61808705329547,0.12330520770278675,1.7649764136907193,0.2595378108510522,0.6828415043127043,0.05762068415302685,0.0,3

33.85809317574889,26.20901773874671,0.07136193858994176,1.4821089390189923,0.16660370840223193,0.6314839240458705,0.19144781558627247,0.010464550965625138,3

29.915696626495937,24.059519643370557,0.0762283304357612,1.551766812573604,0.398468795404282,0.4254458749255832,0.174961283802485,0.0011240449519530937,3

25.691369424503435,19.434854557400236,0.0941288168827889,1.8649380641096966,0.25490627739622645,0.5863097331439961,0.15878398945977734,0.0,3

9.531165078437724,16.02568978406811,0.030096385111226434,1.678519993165692,0.9590429094016639,0.020478545267268774,0.020478545267268774,0.0,3

32.0,25.09293805,0.064697135,1.665244837,0.313253012,0.5542168670000001,0.13253012,0.0,3

51.0,33.39917096201585,0.06964935733080599,1.842510863661285,0.3311341222885864,0.4505008945236074,0.21836498318780617,0.0,3

35.683192316773734,25.26341970360093,0.0814119765449287,1.7417220564253713,0.25569467386368405,0.5223641494844591,0.21265826313651975,0.009282913515337015,3

29.904324399035666,23.997434680791947,0.07730340223288878,1.5617530073949442,0.40492576823549864,0.40371468466445515,0.19135954610004624,0.0,3

31.497086286756993,23.53094001345144,0.08988474444222856,1.7509588340762035,0.11266788134163654,0.8051851171753053,0.08214700148305819,0.0,3

26.66393559674524,20.939830257326417,0.08456645652105184,1.7192189592398455,0.35146547612734985,0.39356680009957595,0.2549677245517623,0.0,3

33.98718044010182,26.492236905852412,0.07124054273206078,1.4581186360830438,0.1592653517256787,0.6339058239297497,0.19479003744151624,0.012038785903055349,3

41.541950797194396,28.181706418304167,0.07909948521026205,1.772419969347487,0.15993878977379933,0.6279495825610413,0.19811680230776035,0.013994825357398993,3

40.007722314601985,27.95214886566174,0.07252659993691105,1.773068842410742,0.32763126052216174,0.4980935924675578,0.17427514643173958,0.0,3

26.805589796919843,21.140783150420813,0.09483648184055199,1.7070683784556964,0.20015866894385204,0.7031200796958457,0.09549321712837822,0.0012280332319240892,3

31.87455151992145,23.468538963778638,0.07758402974633954,1.8248270102026702,0.3419196861313556,0.35246249926396933,0.3056178136673994,0.0,3

32.1648966048579,22.595430566488098,0.09341622800109609,1.8275872740053183,0.3612445163574383,0.3706976031533599,0.2680578796540984,0.0,3

49.13636815391507,31.095256245155063,0.08212439590330965,1.8921420309652388,0.33370346410949475,0.44117281379064643,0.22512372199632377,0.0,3

26.36155504223825,20.636092654996613,0.0965553433431862,1.732963843844909,0.20745228833808185,0.6910570677092109,0.09988373181456163,0.0016069112586638936,3

32.126499727074304,23.67026827997688,0.07596653029257067,1.8037842833702662,0.3399807603161423,0.35822878921800394,0.30179044946585376,0.0,3

42.80323378534904,35.88067211845481,0.03628898550917271,1.4042730158502594,0.23782012177806022,0.5637970485739097,0.1983828296480301,0.0,3

51.0,34.23476609,0.062169941,1.799379997,0.322222222,0.46666666700000003,0.21111111100000002,0.0,3

36.373301050057165,29.043235249489236,0.07139830998061747,1.507139953471747,0.16388825355758346,0.6734647202923132,0.15624044279439864,0.006406582830364953,3

29.101215736110255,26.966263321667782,0.04199145193726702,1.4183670775858475,0.24615120647695427,0.5395055030687599,0.21434329045428588,0.0,3

29.71044840912802,22.76842682708388,0.08780165977709672,1.6821970725239526,0.1542361712660714,0.6707320724967913,0.17503175560818218,0.0,3

30.87084119307012,24.640493939997206,0.09984939836066564,1.7676877398794906,0.13774088310545465,0.728554376802615,0.13370474009193029,0.0,3

48.118498156992146,30.57532154978211,0.08327217791546819,1.8912375188695738,0.34966005898327657,0.42785302101277717,0.22248692000394632,0.0,3

33.0,24.32634995,0.072168904,1.6415817990000001,0.215384615,0.615384615,0.16923076899999998,0.0,3

38.09004765741759,27.000030420412948,0.07362481275517527,1.780767104076752,0.2875720881629862,0.5942329100098995,0.10691713511063966,0.011277866122477729,3

46.52347709881958,31.599828638718353,0.06885615490360875,1.79700894674525,0.2751214419863877,0.5425795728412068,0.1822989851724055,0.0,3

31.791382763910185,24.319387472716784,0.07330066526604687,1.5992854294523613,0.29551638050953544,0.5343674156975603,0.1701162027929042,0.0,3

29.348617070846828,21.607656212537627,0.08826333363917563,1.7294292871419343,0.24193121685303579,0.5204414815121122,0.22584337768367474,0.01178392383497155,3

26.67953563143807,19.99337664284358,0.08779960618944188,1.8496202911600814,0.32433849993071745,0.4119887350662188,0.26065260671662066,0.0030201582864430314,3

27.136843154047682,21.401372287278022,0.09126848217490766,1.7219543642963844,0.22536463521709504,0.6811667444852486,0.09346861929765626,0.0,3

44.34110388694647,28.752477551264093,0.0839291532144791,1.8912468163076601,0.24342580624083204,0.6456760254460373,0.08839597769131402,0.02250219043189544,3

31.93414859858311,23.51923676588234,0.07707687609867142,1.8259896679467424,0.3495707253579928,0.33750967697480516,0.31291959670012787,0.0,3

29.0,21.57042782213156,0.08991283486182615,1.7373850592088371,0.3447616430713079,0.4027182507610465,0.2525201057523684,0.0,3

35.931499805987485,28.214548285638422,0.07374746886486104,1.6794262359811833,0.25231600133724985,0.5433945514184728,0.2042894468059201,0.0,3

27.123791811323557,24.18766246107488,0.06366383279784309,1.541574310922588,0.24397809878471166,0.6088976953071671,0.14712420547001717,0.0,3

26.33608120179982,19.856182606087962,0.09064728129258057,1.8993186857252664,0.34746307478245647,0.4419409333744576,0.21059599184308597,0.0,3

51.0,33.026613914726056,0.07298411739622013,1.861741119789206,0.3351075672574037,0.44329325022403737,0.22159918251855898,0.0,3

32.742142120581036,24.524020731853817,0.07024224949015165,1.6476834997992904,0.24062075231255325,0.5996120292118864,0.15976721747556027,0.0,3

51.0,33.50159207056771,0.06873258545616602,1.8372241990694167,0.3300417670602084,0.4524823760834912,0.21747585685630041,0.0,3

8.949873478025568,15.761831639353735,0.030205516747167566,1.6743158257940407,0.9690818759321407,0.013741388454501015,0.017176735568126267,0.0,3

29.570521577882207,21.52086290540541,0.09600364920034082,1.7931063279085744,0.19368523011176764,0.5998909452587342,0.2064238242000198,0.0,3

30.915763012180147,23.347839643956657,0.08033116989556274,1.7319320413179828,0.1983308363711209,0.6998125157716473,0.10185664739935041,0.0,3

29.0,21.105608883667742,0.09756836367502933,1.784539772691625,0.30021660481863893,0.34772237855566634,0.34964957186123036,0.0024114439453226597,3

8.0,15.51121582,0.026933032000000003,1.6683829540000001,1.0,0.0,0.0,0.0,3

32.461215658259924,20.834686978110053,0.12378502430440355,1.8281496179336978,0.3670305396831348,0.4600263379109991,0.1729431218670818,0.0,3

47.06893190660175,30.460342945479617,0.08172121392409046,1.849106698397506,0.3598949179242325,0.4197859074552171,0.22031917443335675,0.0,3

27.226292454340584,20.312781275107152,0.08827280016236379,1.8182690821596954,0.301324683479246,0.44372207222787907,0.2495030557431715,0.005450188549703428,3

33.0,24.32634995,0.072168904,1.6415817990000001,0.215384615,0.615384615,0.16923076899999998,0.0,3

31.325898122220014,24.828733866492623,0.06816235536567708,1.6218832178704083,0.3473061790676928,0.5070529405013908,0.14564087943091636,0.0,3

37.54620699239106,25.43872167397914,0.08726976527786938,1.796011133379591,0.27355494763766663,0.49787014226093385,0.22042109636123947,0.00815381374016007,3

27.409638979815618,20.919263491132654,0.09387500597182791,1.726449296113653,0.21508492118374467,0.6337000782148903,0.1449499380953574,0.006265061975887318,3

33.46648194111108,25.34981750501861,0.07173021645238614,1.554888172502444,0.18886603561725912,0.6241366213630742,0.18130853783702022,0.0056888041826464305,3

24.336004225847855,18.808081283258097,0.09199632595404006,1.8639387005829928,0.3539917911502956,0.44625101187029714,0.19975719697940725,0.0,3

26.4946378833091,19.98260196343606,0.08655979329786283,1.8563760794819257,0.3549071454293987,0.3891068505151508,0.25598600405545047,0.0,3

40.59700471497394,28.16255608839351,0.07310276450785749,1.781003531730612,0.32868934526454024,0.49396352193890014,0.1773471322490336,0.0,3

29.60063838006878,19.044036918614935,0.13941369838247308,1.7835424962855715,0.293668497471711,0.6653753381401881,0.04095616390247781,0.0,3

45.16741375100159,31.477980803904483,0.06572731673172942,1.726393454867219,0.3477921390225702,0.45211826575346514,0.20008959494622242,0.0,3

60.59336367805136,58.75487419033966,0.020089855646222947,1.0669763345671124,0.1822920298808291,0.7068918287783805,0.11081614134079043,0.0,3

82.84677457107964,48.81648083095265,0.0591377376572738,1.660981065597614,0.2751117862645465,0.6026030013165748,0.12228521191484634,0.0,3

102.0,59.47369926,0.050955823,1.515371385,0.333333333,0.56097561,0.10569105699999999,0.0,3

62.0,48.91868472856156,0.0313506910968828,1.414155848185269,0.4589204617038307,0.4402589759571427,0.0829091569243058,0.017911405414720777,3

71.48904451699528,49.96940784928173,0.04146340655914083,1.3253632402778155,0.13550460132356132,0.6913004885464795,0.17319491012995925,0.0,3

62.0,48.712854711764436,0.03479472702680366,1.2578295917719253,0.24933910724457697,0.6133733818599899,0.1313936224533782,0.005893888442054928,3

61.800901033800095,53.35703541495005,0.03073371696517866,1.3565047170565556,0.2568176696790055,0.5177518475792058,0.22543048274178873,0.0,3

65.40263801288333,40.43460270238307,0.062438240416962824,1.7542101397310108,0.2816570659006216,0.45141124230715074,0.26693169179222764,0.0,3

102.0,59.473699260000004,0.050955823,1.515371385,0.333333333,0.56097561,0.105691057,0.0,3

63.0160921556199,45.17276241674807,0.041892594610381376,1.5960962237078715,0.3954440829324365,0.3581191064644653,0.23749219392545262,0.008944616677645623,3

63.56844694779625,45.6515243096276,0.048291643834199455,1.3556840576615907,0.1718730461556804,0.6812310885222743,0.14689586532204532,0.0,3

62.50730448064159,47.050776668588675,0.03657514421225755,1.506754604071838,0.42958999375748963,0.3972984781798874,0.15954156893142787,0.013569959131195049,3

63.094582691775145,43.92157160689468,0.054962353137386996,1.6264707090025587,0.21319207523480718,0.6587214853941652,0.12808643859738197,0.0,3

79.77809200943547,44.41660372058021,0.06905584644786919,1.7701701385973758,0.18329541049068704,0.6515817936188831,0.16512279589042983,0.0,3

60.271339184895446,61.07692699995145,0.016336746481054886,1.0408358411193752,0.19047414042847055,0.7088643018985203,0.10066155767300905,0.0,3

66.77746700083165,39.35013530989056,0.07249738293163481,1.739843332620903,0.23484916248610369,0.6171177547184202,0.1480330827954761,0.0,3

65.49742294205231,42.10424010385387,0.06124777718464712,1.6413996987589825,0.29830364265785486,0.58155967964862,0.11467276117380917,0.005463916519716048,3

64.0,39.83616211622015,0.06014610292014373,1.7876579589026846,0.2701685521333026,0.4741203754365299,0.2557110718992668,0.0,3

88.60145014870602,52.01849162786341,0.0566794433803557,1.6172319604711307,0.2926047205138477,0.5900958581693909,0.1172994209641679,0.0,3

61.02349781747027,55.65326481535335,0.025102953765200914,1.1018926806590972,0.171363031764726,0.7042571595339899,0.12437980870128398,0.0,3

69.17872075302267,50.561251452671556,0.03908108580950756,1.2411408426357973,0.18007304932028165,0.673634857789309,0.14629209289040943,0.0,3

64.73954226636832,38.53803835803442,0.06889877005213588,1.7878078803018906,0.2201515730948741,0.6436568081508315,0.13619161800080856,0.0,3

100.54367023482459,59.59713358048074,0.04964576900756086,1.4981533496099522,0.32861881518178443,0.5661612086797808,0.10521997613843471,0.0,3

49.0,33.69169629,0.069497249,1.5453128630000001,0.454545455,0.272727273,0.272727273,0.0,4

34.0,23.78905465,0.080243741,1.897930596,0.307692308,0.43076923100000003,0.23076923100000002,0.030769231,4

22.0,16.8670553,0.11095199800000001,1.800166762,0.446153846,0.415384615,0.138461538,0.0,4

25.0,18.27302971,0.101869059,2.038202954,0.21666666699999998,0.6,0.18333333300000001,0.0,4

25.0,18.1965043,0.10277381699999999,2.045708527,0.23636363600000002,0.6181818179999999,0.145454545,0.0,4

25.0,18.02702344,0.109045597,2.150580475,0.12,0.86,0.02,0.0,4

15.0,12.51877392,0.122685421,1.7619604580000001,0.153846154,0.673076923,0.173076923,0.0,4

15.0,12.39653015,0.141237272,1.8040339980000002,0.254237288,0.474576271,0.271186441,0.0,4

64.0,41.5410059,0.052175629,1.768867548,0.329411765,0.282352941,0.388235294,0.0,4

82.0,46.23922403,0.075665359,1.8985943319999998,0.401639344,0.172131148,0.426229508,0.0,4

61.0,38.21856639,0.063336292,1.8614212030000001,0.214285714,0.642857143,0.14285714300000002,0.0,4

74.0,45.00214632,0.052576389,1.742561614,0.428571429,0.32380952399999996,0.247619048,0.0,4

55.0,36.02499206,0.055460559000000006,1.7409848419999998,0.083333333,0.726190476,0.19047619,0.0,4

28.0,22.711202800000002,0.064808676,1.5351088609999999,0.22535211300000002,0.521126761,0.253521127,0.0,4

39.0,29.95527539,0.057338445999999994,1.6245938180000001,0.41025641,0.512820513,0.076923077,0.0,4

115.0,13.73147597,2.371380296,3.0398742139999997,0.764705882,0.225490196,0.0,0.009803922,4

24.0,17.65380503,0.114017853,1.980063585,0.228571429,0.685714286,0.085714286,0.0,4

85.0,58.51315916,0.060770992999999995,1.5993426309999998,0.5,0.375,0.125,0.0,4

90.0,62.90856818,0.054721915,1.6624410580000002,0.384615385,0.205128205,0.41025641,0.0,4

96.0,69.14445511,0.05057897,1.700015434,0.25,0.583333333,0.166666667,0.0,4

101.0,69.56811201,0.051687237000000004,1.779479871,0.363636364,0.363636364,0.272727273,0.0,4

38.0,26.88606687,0.071817455,1.6758179009999998,0.22891566300000002,0.626506024,0.120481928,0.024096386,4

30.0,26.96656236,0.045077541,1.3937662309999999,0.415384615,0.36923076899999996,0.2,0.015384615,4

30.0,26.93177695,0.04515028,1.370714692,0.37037037,0.40740740700000005,0.222222222,0.0,4

49.0,33.69169629,0.069497249,1.5453128630000001,0.454545455,0.272727273,0.272727273,0.0,4

49.0,33.69169629,0.069497249,1.5453128630000001,0.454545455,0.272727273,0.272727273,0.0,4

49.0,33.69169629,0.069497249,1.5453128630000001,0.454545455,0.272727273,0.272727273,0.0,4

49.0,33.69169629,0.069497249,1.545312863,0.454545455,0.272727273,0.272727273,0.0,4

96.0,69.14445511,0.05057897,1.700015434,0.25,0.583333333,0.166666667,0.0,4

96.0,69.14445511,0.05057897,1.700015434,0.25,0.583333333,0.166666667,0.0,4

96.0,69.14445511,0.05057897,1.700015434,0.25,0.583333333,0.166666667,0.0,4

96.0,69.14445511,0.05057897,1.700015434,0.25,0.583333333,0.166666667,0.0,4

25.0,18.02702344,0.109045597,2.150580475,0.12,0.86,0.02,0.0,4

25.0,18.27302971,0.10186905900000001,2.038202954,0.21666666699999998,0.6,0.18333333300000001,0.0,4

25.0,18.14850831134607,0.10454994842699386,2.075407649522293,0.20341013462417432,0.6866633133121323,0.10992655134688756,0.0,4

24.0,17.65380503,0.114017853,1.980063585,0.228571429,0.685714286,0.085714286,0.0,4

24.370673474372865,17.792147194734618,0.11217476959300868,2.0432696730555557,0.18832688019494326,0.7503173771419354,0.061355743292447945,0.0,4

25.0,18.039760829791952,0.10867401963385094,2.1447619392007695,0.12500507981958253,0.8465380612213365,0.02845685895908103,0.0,4

24.42720277085261,17.91833952907632,0.10882785454068243,2.0049008845324225,0.22348568168725913,0.6490969055191469,0.12741741336639123,0.0,4

25.0,18.223675023603253,0.10330884255675382,2.060748547276947,0.1972730432732398,0.6521621601886579,0.1505647965381023,0.0,4

24.70798297729158,17.91803731109183,0.11049758039326407,2.1007866404607007,0.15170470544777873,0.8091056046971086,0.03918969014712968,0.0,4

25.0,18.1965043,0.10277381699999999,2.045708527,0.23636363600000002,0.6181818179999999,0.145454545,0.0,4

24.217335627049515,17.78838461411234,0.11137748723811458,1.9926993412178784,0.22598410008585473,0.6670855179050883,0.10693038279172132,0.0,4

25.0,18.27269051751702,0.10187895398252797,2.038357899686462,0.21653338337759004,0.6003584869831767,0.18310812963923315,0.0,4

25.0,18.27212123242664,0.10189556126690297,2.03861795341273,0.2163096862650753,0.6009601550768313,0.1827301586580933,0.0,4

25.0,18.02702344,0.109045597,2.150580475,0.12,0.86,0.02,0.0,4

25.0,18.1965043,0.10277381699999999,2.045708527,0.23636363600000002,0.6181818179999999,0.145454545,0.0,4

24.718830756743234,18.098922775318485,0.10528492621546237,2.0218559516148438,0.22001391992269193,0.6241002209309142,0.1558858594275631,0.0,4

115.0,13.73147597,2.371380296,3.039874214,0.764705882,0.225490196,0.0,0.009803922,4

115.0,13.73147597,2.371380296,3.0398742139999997,0.764705882,0.225490196,0.0,0.009803922,4

115.0,13.73147597,2.371380296,3.0398742139999997,0.764705882,0.225490196,0.0,0.009803922,4

115.0,13.73147597,2.371380296,3.0398742139999997,0.764705882,0.225490196,0.0,0.009803922,4

90.0,62.90856818,0.054721915,1.6624410580000002,0.38461538500000003,0.205128205,0.41025641,0.0,4

90.0,62.90856818,0.054721915,1.6624410580000002,0.384615385,0.205128205,0.41025641,0.0,4

90.0,62.90856818,0.054721915,1.6624410580000002,0.384615385,0.205128205,0.41025641,0.0,4

90.0,62.90856818,0.054721915,1.6624410580000002,0.384615385,0.205128205,0.41025641,0.0,4

74.0,45.00214632,0.052576389,1.742561614,0.428571429,0.32380952399999996,0.247619048,0.0,4

74.0,45.00214632,0.052576389,1.742561614,0.428571429,0.32380952399999996,0.247619048,0.0,4

74.0,45.00214632,0.052576389,1.742561614,0.428571429,0.32380952399999996,0.247619048,0.0,4

74.0,45.00214632,0.052576389,1.742561614,0.428571429,0.32380952399999996,0.247619048,0.0,4

30.0,26.94409483313838,0.045124522347535855,1.3788774867913178,0.3863103922527924,0.39388865400843487,0.21435309716659467,0.0054478555721781665,4

30.0,26.95693056956248,0.04509768182354168,1.38738345175691,0.4029205453068931,0.37980156223846295,0.2061531482699242,0.011124743184719784,4

30.0,26.966403381150375,0.045077873437149446,1.393660879154146,0.41517888757327726,0.3694052466902659,0.20010156164005688,0.015314303096399926,4

30.0,26.93870305912911,0.045135796966683954,1.3753044747482264,0.37933313839153504,0.39980607181462763,0.21779756422930377,0.003063224564533635,4

30.0,26.93991887674407,0.04513325459741205,1.376110170790563,0.38090647364890207,0.3984717241970426,0.21702085442622612,0.003600946727829248,4

30.0,26.96656236,0.045077541,1.3937662309999999,0.415384615,0.36923076899999996,0.2,0.015384615,4

30.0,26.96656236,0.045077541,1.3937662309999999,0.415384615,0.36923076899999996,0.2,0.015384615,4

30.0,26.96656236,0.045077541,1.3937662309999999,0.415384615,0.36923076899999996,0.2,0.015384615,4

15.0,12.51877392,0.122685421,1.7619604580000001,0.153846154,0.673076923,0.173076923,0.0,4

15.0,12.518773919999997,0.122685421,1.7619604580000003,0.153846154,0.673076923,0.173076923,0.0,4

15.0,12.39653015,0.141237272,1.804033998,0.254237288,0.474576271,0.271186441,0.0,4

15.0,12.397961142585235,0.14102010296780002,1.8035414827268326,0.2530621036255547,0.4768999310210892,0.27003796535335617,0.0,4

15.0,12.476284534561934,0.12913365756639958,1.7765843431910722,0.1887400188332783,0.6040822354790322,0.20717774568768954,0.0,4

15.0,12.39653015,0.141237272,1.8040339980000002,0.254237288,0.474576271,0.271186441,0.0,4

15.0,12.51877392,0.12268542100000002,1.7619604580000001,0.153846154,0.673076923,0.173076923,0.0,4

15.0,12.478475964896727,0.12880108365242474,1.7758301024485945,0.18694033467439022,0.607640701896329,0.20541896342928073,0.0,4

38.0,26.88606687,0.071817455,1.6758179009999998,0.22891566300000002,0.626506024,0.120481928,0.024096386,4

38.0,26.88606687,0.071817455,1.6758179009999998,0.228915663,0.626506024,0.120481928,0.024096386,4

38.0,26.88606687,0.071817455,1.6758179009999998,0.22891566300000002,0.626506024,0.12048192799999999,0.024096385999999997,4

38.0,26.88606687,0.071817455,1.6758179009999998,0.22891566300000002,0.626506024,0.120481928,0.024096386,4

61.0,38.21856639,0.063336292,1.8614212030000001,0.214285714,0.642857143,0.14285714300000002,0.0,4

61.0,38.21856639,0.063336292,1.8614212030000001,0.214285714,0.642857143,0.14285714300000002,0.0,4

61.0,38.21856639,0.063336292,1.8614212030000001,0.214285714,0.642857143,0.14285714300000002,0.0,4

61.0,38.21856639,0.063336292,1.8614212030000001,0.214285714,0.642857143,0.14285714300000002,0.0,4

85.0,58.51315916,0.060770992999999995,1.5993426309999998,0.5,0.375,0.125,0.0,4

85.0,58.51315916,0.060770992999999995,1.5993426309999998,0.5,0.375,0.125,0.0,4

85.0,58.51315916,0.060770992999999995,1.5993426309999998,0.5,0.375,0.125,0.0,4

85.0,58.51315916,0.060770992999999995,1.5993426309999998,0.5,0.375,0.125,0.0,4

82.0,46.23922403,0.075665359,1.898594332,0.401639344,0.172131148,0.42622950800000003,0.0,4

82.0,46.23922403,0.075665359,1.8985943319999998,0.401639344,0.172131148,0.426229508,0.0,4

82.0,46.23922403,0.075665359,1.8985943319999998,0.401639344,0.172131148,0.426229508,0.0,4

82.0,46.23922403,0.075665359,1.8985943319999996,0.401639344,0.172131148,0.42622950800000003,0.0,4

55.0,36.02499206,0.055460559000000006,1.7409848419999998,0.083333333,0.726190476,0.19047619,0.0,4

55.0,36.02499206,0.055460559000000006,1.7409848419999998,0.083333333,0.726190476,0.19047619,0.0,4

55.0,36.02499206,0.055460559000000006,1.7409848419999998,0.083333333,0.726190476,0.19047619,0.0,4

55.0,36.02499206,0.055460559000000006,1.7409848419999998,0.083333333,0.726190476,0.19047619,0.0,4

34.0,23.789054650000004,0.080243741,1.897930596,0.307692308,0.43076923100000003,0.23076923100000002,0.030769231,4

34.0,23.78905465,0.080243741,1.897930596,0.307692308,0.43076923100000003,0.23076923100000002,0.030769231,4

34.0,23.78905465,0.080243741,1.897930596,0.307692308,0.43076923100000003,0.23076923100000002,0.030769231,4

34.0,23.78905465,0.080243741,1.897930596,0.307692308,0.43076923100000003,0.23076923100000002,0.030769231,4

101.0,69.56811201,0.051687237000000004,1.779479871,0.363636364,0.363636364,0.272727273,0.0,4

101.0,69.56811201,0.051687237000000004,1.779479871,0.363636364,0.363636364,0.272727273,0.0,4

101.0,69.56811201,0.051687237000000004,1.779479871,0.363636364,0.363636364,0.272727273,0.0,4

101.0,69.56811201,0.051687237000000004,1.779479871,0.363636364,0.363636364,0.272727273,0.0,4

28.0,22.711202800000002,0.064808676,1.5351088609999999,0.22535211300000002,0.521126761,0.253521127,0.0,4

28.0,22.711202800000002,0.064808676,1.5351088609999999,0.22535211300000002,0.521126761,0.253521127,0.0,4

28.0,22.711202800000002,0.064808676,1.5351088609999999,0.22535211300000002,0.521126761,0.253521127,0.0,4

28.0,22.711202800000002,0.064808676,1.5351088609999999,0.22535211300000002,0.521126761,0.253521127,0.0,4

64.0,41.5410059,0.052175629,1.768867548,0.329411765,0.282352941,0.388235294,0.0,4

64.0,41.5410059,0.052175629,1.768867548,0.329411765,0.282352941,0.388235294,0.0,4

64.0,41.5410059,0.052175629,1.768867548,0.329411765,0.282352941,0.388235294,0.0,4

64.0,41.5410059,0.052175629,1.768867548,0.329411765,0.282352941,0.388235294,0.0,4

22.0,16.8670553,0.11095199800000001,1.800166762,0.446153846,0.415384615,0.138461538,0.0,4

22.0,16.8670553,0.11095199800000001,1.800166762,0.446153846,0.415384615,0.138461538,0.0,4

22.0,16.8670553,0.11095199800000001,1.800166762,0.446153846,0.415384615,0.138461538,0.0,4

22.0,16.8670553,0.11095199800000001,1.800166762,0.446153846,0.415384615,0.138461538,0.0,4

39.0,29.955275389999997,0.057338445999999994,1.6245938180000001,0.41025641,0.512820513,0.076923077,0.0,4

39.0,29.95527539,0.057338445999999994,1.6245938180000001,0.41025641,0.512820513,0.076923077,0.0,4

39.0,29.95527539,0.05733844599999999,1.6245938180000001,0.41025641,0.512820513,0.076923077,0.0,4

39.0,29.95527539,0.057338445999999994,1.6245938180000001,0.41025641,0.512820513,0.076923077,0.0,4

105.0,12.83277967,2.798101825,4.270858565,0.904109589,0.08219178099999999,0.0,0.01369863,5

145.0,15.66428331,2.9920741310000003,3.38124984,0.892857143,0.107142857,0.0,0.0,5

140.0,13.88047014,3.737175241,3.149175217,0.877358491,0.11320754699999999,0.0,0.009433961999999999,5

134.0,14.86714837,3.1406209769999998,2.902417488,0.84375,0.15625,0.0,0.0,5

135.0,15.4949005,2.498387078,3.955983401,0.88372093,0.104651163,0.0,0.011627907,5

143.0,14.76002494,3.452088134,3.213063833,0.930555556,0.055555556,0.0,0.013888889,5

129.0,14.65930593,2.583433397,2.253478281,0.7142857140000001,0.258928571,0.026785714,0.0,5

152.0,14.38498608,3.734598029,2.765687016,0.9380530970000001,0.053097345,0.0,0.008849558,5

108.0,15.47344432,1.916538518,2.15809492,0.861386139,0.079207921,0.059405941,0.0,5

20.0,15.63507838,0.113087694,1.764401388,0.028985507,0.7536231879999999,0.21739130399999998,0.0,5

21.0,16.63432845,0.10994377300000001,1.79011848,0.138461538,0.7230769229999999,0.138461538,0.0,5

41.0,27.72173435,0.082733593,1.855777281,0.23880597,0.5671641789999999,0.194029851,0.0,5

18.0,14.70860114,0.10891624800000001,1.765709624,0.166666667,0.696969697,0.13636363599999998,0.0,5

24.0,17.46830036,0.12094196,1.832363705,0.076923077,0.7692307690000001,0.138461538,0.015384615,5

36.0,24.72399365,0.10473803,1.7952288159999998,0.174418605,0.534883721,0.29069767399999996,0.0,5

25.0,17.70762939,0.12107038099999999,2.157101668,0.122807018,0.7192982459999999,0.15789473699999998,0.0,5

42.0,29.03156899,0.074051626,1.738104725,0.23595505600000002,0.561797753,0.20224719100000002,0.0,5

25.0,18.95916935,0.102017731,1.784431747,0.16883116899999998,0.688311688,0.14285714300000002,0.0,5

53.0,33.46645392,0.075753504,1.760958581,0.258823529,0.42352941200000005,0.317647059,0.0,5

54.0,38.81682828,0.048781356,1.428284391,0.325301205,0.373493976,0.301204819,0.0,5

54.0,33.54781316,0.078635069,1.7664518169999999,0.213483146,0.561797753,0.224719101,0.0,5

19.0,14.80202839,0.12861896,1.906481848,0.149253731,0.7910447759999999,0.059701493,0.0,5

19.0,17.999815100000003,0.07221193,1.470946713,0.19047619,0.682539683,0.126984127,0.0,5

23.0,17.57722085,0.095405875,2.005497191,0.23404255300000001,0.425531915,0.29787234,0.042553191,5

65.0,40.15938287,0.061402099999999994,1.60443379,0.2421875,0.5078125,0.25,0.0,5

133.0,60.10787866,0.07053093,2.00028837,0.11428571400000001,0.692857143,0.192857143,0.0,5

28.0,22.62803964,0.07781068,1.5753332469999999,0.19512195100000002,0.695121951,0.10975609800000001,0.0,5

42.0,28.22777787,0.08844570199999999,1.608156718,0.171875,0.734375,0.09375,0.0,5

54.0,31.06225755,0.09632646199999999,1.962989479,0.18095238100000002,0.59047619,0.228571429,0.0,5

48.0,31.45095442,0.073827951,1.811801465,0.283950617,0.49382716,0.222222222,0.0,5

34.0,27.66061556,0.060037057000000005,1.492824098,0.22784810100000003,0.506329114,0.265822785,0.0,5

51.0,39.1841849,0.041340157,1.4033727219999999,0.1625,0.525,0.3125,0.0,5

18.0,13.72332526,0.146513847,1.878963177,0.15789473699999998,0.614035088,0.228070175,0.0,5

43.0,25.79014395,0.11414437,1.972919246,0.373493976,0.385542169,0.240963855,0.0,5

18.0,13.79266389,0.14092011,1.9234662009999999,0.25,0.558823529,0.19117647100000001,0.0,5

30.0,22.50014565,0.086869534,1.65537381,0.158536585,0.7439024390000001,0.097560976,0.0,5

33.0,25.19885012,0.074300399,1.6034209019999999,0.25,0.486842105,0.263157895,0.0,5

33.0,21.0431661,0.143276236,1.963299755,0.21590909100000003,0.647727273,0.13636363599999998,0.0,5

32.0,20.7413024,0.121661177,2.044988699,0.19512195100000002,0.6707317070000001,0.134146341,0.0,5

49.0,29.75011027,0.10210439199999999,1.793531666,0.07627118599999999,0.86440678,0.059322034,0.0,5

33.0,24.98202235,0.080356077,1.51861418,0.17,0.66,0.17,0.0,5

36.0,21.92917403,0.132236488,2.096801934,0.09638554199999999,0.891566265,0.012048193,0.0,5

33.0,20.64975257,0.140558866,1.9575860059999999,0.153061224,0.6938775509999999,0.153061224,0.0,5

24.0,18.11521368,0.10733602699999999,1.777744978,0.283783784,0.513513514,0.18918918899999998,0.013513513999999999,5

33.0,25.38977852,0.069152795,1.575241685,0.324675325,0.558441558,0.116883117,0.0,5

28.0,20.37804861,0.089953794,2.0384769169999997,0.36046511600000003,0.395348837,0.244186047,0.0,5

27.0,21.03867509,0.07374307,2.10787016,0.21666666699999998,0.583333333,0.2,0.0,5

47.0,29.12568165,0.09859806199999999,1.8759246980000002,0.188235294,0.694117647,0.117647059,0.0,5

24.0,19.04335888,0.083031004,1.7593902380000002,0.246575342,0.684931507,0.068493151,0.0,5

34.0,23.19394392,0.089582875,1.9201997469999998,0.095238095,0.6031746029999999,0.301587302,0.0,5

16.0,13.30855129,0.11901159800000001,1.797816655,0.372881356,0.491525424,0.13559322,0.0,5

24.0,16.53214277,0.14789997400000002,1.925288389,0.21126760600000002,0.61971831,0.169014085,0.0,5

23.0,19.58340455,0.076935047,1.5060980419999999,0.202898551,0.68115942,0.115942029,0.0,5

34.0,21.41095197,0.13502244900000002,2.005967848,0.23,0.7,0.07,0.0,5

49.0,32.38514981,0.072611778,1.637279862,0.063157895,0.894736842,0.042105263,0.0,5

18.0,16.59323793,0.06959431599999999,1.599894201,0.21666666699999998,0.5,0.26666666699999997,0.016666667,5

30.0,19.62542247,0.13905103800000002,1.9897036209999999,0.05952381,0.833333333,0.095238095,0.011904762,5

36.0,25.98935115,0.071980433,1.700259239,0.25,0.519230769,0.23076923100000002,0.0,5

50.0,30.76222053,0.085962515,1.8502361980000002,0.103896104,0.662337662,0.233766234,0.0,5

23.0,17.50296887,0.11592927900000001,1.810093105,0.089552239,0.7910447759999999,0.119402985,0.0,5

34.0,22.597050199999998,0.125132363,1.887093881,0.204918033,0.532786885,0.262295082,0.0,5

33.0,21.129849899999996,0.131683801,1.9640038830000002,0.084337349,0.8072289159999999,0.108433735,0.0,5

47.0,35.42697674,0.10511041,1.709239655,0.283687943,0.43971631200000005,0.276595745,0.0,5

58.0,35.75703603,0.077150779,1.774549362,0.235849057,0.518867925,0.245283019,0.0,5

16.0,14.48800012,0.10014000599999999,1.659724081,0.15625,0.6875,0.15625,0.0,5

59.0,32.33029356,0.108620556,1.973953456,0.162790698,0.635658915,0.201550388,0.0,5

59.0,32.28525182,0.10869068900000001,1.984689446,0.12621359199999999,0.6699029129999999,0.203883495,0.0,5

69.0,46.66099595,0.043119554000000004,1.7016289930000001,0.248,0.5760000000000001,0.17600000000000002,0.0,5

58.0,32.04991334,0.108103302,1.979441625,0.198275862,0.568965517,0.23275862100000003,0.0,5

26.0,19.83894887,0.088240279,1.768938539,0.25,0.583333333,0.166666667,0.0,5

82.0,48.53730798,0.053677050999999996,1.742298779,0.197916667,0.677083333,0.125,0.0,5

16.0,19.27203051,0.0401111,1.307835796,0.21153846199999998,0.596153846,0.192307692,0.0,5

47.0,31.69991042,0.071289039,1.9198754480000002,0.314606742,0.595505618,0.08988764,0.0,5

26.0,18.77457809,0.114334861,1.922353156,0.25,0.46875,0.28125,0.0,5

18.0,18.80745341,0.055351622999999996,1.528126242,0.22033898300000002,0.542372881,0.237288136,0.0,5

58.0,31.95586099,0.10930517,1.966520297,0.26119403,0.544776119,0.194029851,0.0,5

60.0,32.44468516,0.10987047,1.9600726469999998,0.120300752,0.684210526,0.195488722,0.0,5

58.0,32.2376599,0.107594404,1.9675920969999998,0.19379845,0.581395349,0.22480620199999998,0.0,5

38.0,24.91600959,0.10509121199999999,1.8293401969999998,0.27,0.58,0.15,0.0,5

60.0,32.38555085,0.10952031400000001,1.9634974790000002,0.13008130099999998,0.674796748,0.19512195100000002,0.0,5

29.0,21.17946773,0.095343289,1.883421471,0.44,0.373333333,0.18666666699999998,0.0,5

59.0,32.15357867,0.108568297,1.9592081540000001,0.201550388,0.581395349,0.217054264,0.0,5

41.0,26.96481517,0.075786427,1.9135071419999998,0.19736842100000002,0.6184210529999999,0.184210526,0.0,5

27.0,18.98680166,0.113148447,1.95668065,0.090909091,0.590909091,0.318181818,0.0,5

58.0,31.97270812,0.109419031,1.972315346,0.267716535,0.527559055,0.204724409,0.0,5

42.0,25.38089981,0.11821630699999999,1.9313112669999999,0.12087912099999999,0.736263736,0.14285714300000002,0.0,5

26.0,18.46483311,0.115119586,1.931123212,0.2,0.538461538,0.26153846199999997,0.0,5

41.0,25.08675337,0.11614011,1.927259158,0.141304348,0.641304348,0.21739130399999998,0.0,5

29.0,18.95371508,0.145669873,1.9685610740000001,0.072289157,0.819277108,0.108433735,0.0,5

42.0,25.08659156,0.120425695,1.9351472140000001,0.154639175,0.649484536,0.19587628899999998,0.0,5

34.0,22.61962679,0.100995465,2.3597695169999997,0.0,1.0,0.0,0.0,5

29.0,22.30082357,0.061187044,2.27582109,0.052631579000000005,0.921052632,0.026315789,0.0,5

19.0,14.68878256,0.119938694,1.96391624,0.352941176,0.490196078,0.156862745,0.0,5

21.0,17.38799508,0.08641237199999999,1.681399255,0.245283019,0.471698113,0.28301886800000003,0.0,5

28.0,20.29497231,0.106985207,1.755336101,0.17391304300000002,0.7173913040000001,0.086956522,0.02173913,5

20.0,15.42049,0.130954219,1.88243179,0.397058824,0.514705882,0.088235294,0.0,5

27.0,18.72075227,0.12174367800000001,2.062007972,0.049180327999999995,0.655737705,0.295081967,0.0,5

23.0,17.67453008,0.113195256,1.788074208,0.223880597,0.552238806,0.223880597,0.0,5

38.0,25.63103021,0.10357997699999999,1.7742934190000001,0.196261682,0.523364486,0.280373832,0.0,5

18.0,16.83195375,0.09019501099999999,1.636168606,0.125,0.553571429,0.321428571,0.0,5

41.0,25.09563299,0.118459778,1.926305274,0.17204301100000002,0.591397849,0.23655914,0.0,5

49.0,36.9033271,0.08778232,1.711758665,0.321100917,0.458715596,0.220183486,0.0,5

43.0,27.79544224,0.097407585,1.756579722,0.215686275,0.62745098,0.156862745,0.0,5

34.0,22.61529311,0.09765353800000001,2.393323049,0.031746032,0.968253968,0.0,0.0,5

91.0,55.92954748,0.052139412999999996,1.4193886340000001,0.248366013,0.39215686299999997,0.359477124,0.0,5

17.0,14.82255537,0.10620226099999999,1.661813613,0.387096774,0.5,0.112903226,0.0,5

114.0,12.54203489,3.288211741,2.829240946,0.817307692,0.115384615,0.067307692,0.0,5

78.0,13.54858234,1.437519372,2.965822601,0.88372093,0.104651163,0.0,0.011627907,5

40.0,25.88116801,0.105590407,1.824846631,0.27173913,0.47826087,0.25,0.0,5

48.0,35.06544889,0.10567492199999999,1.783527939,0.17391304300000002,0.467391304,0.35869565200000003,0.0,5

44.0,30.32829279,0.085782441,1.8269206630000001,0.255813953,0.534883721,0.209302326,0.0,5

19.0,14.46137504,0.13747252,1.917059149,0.18333333300000001,0.783333333,0.033333333,0.0,5

148.0,15.40923908,2.253818321,6.590888411,0.8732394370000001,0.12676056300000002,0.0,0.0,5

23.0,17.05125246,0.11953742,1.895956624,0.119402985,0.8059701490000001,0.074626866,0.0,5

65.0,37.77214745,0.081014716,1.8266435319999998,0.171717172,0.646464646,0.181818182,0.0,5

24.0,18.07260533,0.101628513,1.934238225,0.258064516,0.548387097,0.193548387,0.0,5

24.0,16.94494841,0.142058566,1.944330836,0.045454545,0.8636363640000001,0.090909091,0.0,5

40.0,27.75610989,0.08345775700000001,1.628639105,0.182692308,0.605769231,0.21153846199999998,0.0,5

34.0,26.02313016,0.06570223900000001,1.6581340740000001,0.262295082,0.409836066,0.31147541,0.016393443,5

34.0,25.25512986,0.073426831,1.670529581,0.13636363599999998,0.712121212,0.151515152,0.0,5

